<?xml version="1.0" encoding="UTF-8"?>  
<beans  
    xmlns="http://www.springframework.org/schema/beans"  
    xmlns:xsi="http://www.w3.org/2001/XMLSchema-instance"  
    xmlns:p="http://www.springframework.org/schema/p"  
    xsi:schemaLocation="http://www.springframework.org/schema/beans   
http://www.springframework.org/schema/beans/spring-beans-3.0.xsd">  
  
<bean id="mailSender" class="org.springframework.mail.javamail.JavaMailSenderImpl">  
  <property name="host" value="smtp.gmail.com" />  
    <property name="username" value="tejasw22@gmail.com" />  
    <property name="password" value="" />  
    <property name="javaMailProperties">  
       <props>  
              <prop key="mail.smtp.auth">true</prop>  
              <prop key="mail.smtp.socketFactory.port">465</prop>  
              <prop key="mail.smtp.socketFactory.class">javax.net.ssl.SSLSocketFactory</prop>  
              <prop key="mail.smtp.port">465</prop>  
        </props>  
    </property>  
</bean>  
<bean id="mailMail" class="com.cts.VehicleReservationSystem.controller.MailMail">  
    <property name="mailSender" ref="mailSender" />  
</bean>  
</beans>  